type,indicator,context,source
url,hxxps://ift[.]tt/QsiNKlT,"d Firestarter! Aussie, US, and UK cyber agencies warn of Cisco malware campaign https://ift.tt/QsiNKlT",https://t.me/ctinow/249420
url,hxxps://ift[.]tt/iYFqIE2,"ISC Stormcast For Tuesday, April 28th, 2026 https://ift.tt/iYFqIE2, (Tue, Apr 28th) https://ift.tt/TpmfgUA",https://t.me/ctinow/249419
url,hxxps://ift[.]tt/TpmfgUA,"Stormcast For Tuesday, April 28th, 2026 https://ift.tt/iYFqIE2, (Tue, Apr 28th) https://ift.tt/TpmfgUA",https://t.me/ctinow/249419
url,hxxps://ift[.]tt/SGiEtXK,Chinese national extradited to US for pandemic-era Silk Typhoon attacks https://ift.tt/SGiEtXK,https://t.me/ctinow/249418
url,hxxps://ift[.]tt/eglPD84,Robinhood account creation flaw abused to send phishing emails https://ift.tt/eglPD84,https://t.me/ctinow/249417
url,hxxps://ift[.]tt/4IcZEqz,"GlassWorm malware attacks return via 73 OpenVSX ""sleeper"" extensions https://ift.tt/4IcZEqz",https://t.me/ctinow/249416
url,hxxps://ift[.]tt/U3atqHI,me Court justices skeptically question both sides in geofence surveillance case https://ift.tt/U3atqHI,https://t.me/ctinow/249415
url,hxxps://ift[.]tt/m9TDizX,"UNC6692 Combines Social Engineering, Malware, Cloud Abuse https://ift.tt/m9TDizX",https://t.me/ctinow/249414
url,hxxps://ift[.]tt/aEP1fKn,nic discloses security incident after ShinyHunters claimed theft of 9M+ records https://ift.tt/aEP1fKn,https://t.me/ctinow/249413
url,hxxps://ift[.]tt/K7eJkWn,Canada arrests three for operating “SMS blaster” device in Toronto https://ift.tt/K7eJkWn,https://t.me/ctinow/249412
url,hxxps://ift[.]tt/MSZpq71,Alleged Silk Typhoon hacker extradited to US for cyberespionage https://ift.tt/MSZpq71,https://t.me/ctinow/249411
url,hxxps://ransom-isac[.]org/blog/dragonbreath-dragon-in-the-kernel/,agon Breath and APT31 networks. #China #CyberSecurity #APT #KernelRogueHashtags https://ransom-isac.org/blog/dragonbreath-dragon-in-the-kernel/ April ,https://t.me/cyberosintosint/3960
url,hxxps://darkatlas[.]io/blog/in-depth-technical-analysis-of-vect-ransomware,uitment expanding reach. #Cybersecurity #RaaS #VectRansomware #Russia #CIS #Tor https://darkatlas.io/blog/in-depth-technical-analysis-of-vect-ransomwa,https://t.me/cyberosintosint/3958
url,hxxps://www[.]cyberproof[.]com/blog/beyond-powershell-analyzing-the-multi-action-clickfix-variant/,dynamic payload updates. #CyberSecurity #ThreatIntel #ClickFix #WindowsSecurity https://www.cyberproof.com/blog/beyond-powershell-analyzing-the-multi-,https://t.me/cyberosintosint/3957
url,hxxps://www[.]360[.]cn/n/13004.html,"litical, and energy-related data. #Iran #CyberSecurity #MiddleEast #Geopolitics https://www.360.cn/n/13004.html April 27, 2026 at 12:25PM",https://t.me/cyberosintosint/3956
url,hxxps://www[.]360[.]cn/n/13005.html,"i-layer proxy networks to sustain surveillance. #CYBERSECURITY #RUSSIA #APT2026 https://www.360.cn/n/13005.html April 27, 2026 at 12:25PM",https://t.me/cyberosintosint/3955
url,hxxps://www[.]scmp[.]com/news/world/europe/article/3351502/italy-extradite-suspected-chinese-hacker-wanted-us-authorities-source?utm_source=rss_feed,etails remain undisclosed. #Italy #China #Cybersecurity #Extradition #UShashtag https://www.scmp.com/news/world/europe/article/3351502/italy-extradite,https://t.me/cyberosintosint/3954
url,hxxps://securityaffairs[.]com/191343/hacking/critical-bug-in-crowdstrike-logscale-let-attackers-access-files.html,yhashtag #crowdstrike #LogScale #CVE202640050 #countryhashtag1 #countryhashtag2 https://securityaffairs.com/191343/hacking/critical-bug-in-crowdstrike,https://t.me/cyberosintosint/3953
cve,CVE-2026-40050,- Headline: CrowdStrike LogScale critical CVE-2026-40050 fix addresses unauthenticated path traversal in self-hosted deployments.  - Sum,https://t.me/cyberosintosint/3953
url,hxxps://www[.]nozominetworks[.]com/blog/backdooring-codesys-applications-via-vulnerability-chaining,rity #codesys #industrialcontrolsystems #infosec #securitynews #countryhashtags https://www.nozominetworks.com/blog/backdooring-codesys-applications-v,https://t.me/cyberosintosint/3952
url,hxxps://unit42[.]paloaltonetworks[.]com/monitoring-npm-supply-chain-attacks/,ftware supply chain. #CyberSecurity #NPM #ThreatLandscape #Unit42 #CyberDefense https://unit42.paloaltonetworks.com/monitoring-npm-supply-chain-attack,https://t.me/cyberosintosint/3951
url,hxxps://www[.]bgr[.]com/2156507/hdmi-gadget-silentglass-blocks-malware-from-display/,securing peripheral and interface channels. #UK # cybersecurity #GB #UKHashtags https://www.bgr.com/2156507/hdmi-gadget-silentglass-blocks-malware-fro,https://t.me/cyberosintosint/3950
url,hxxps://www[.]bleepingcomputer[.]com/news/security/robinhood-account-creation-flaw-abused-to-send-phishing-emails/,[ ](https://www.bleepingcomputer.com/news/security/robinhood-account-creation-flaw-abused-to-send-phishing-emails/)**Robinhood account creation flaw a,https://t.me/BleepingComputer/24552
url,hxxps://www[.]bleepingcomputer[.]com/news/security/glassworm-malware-attacks-return-via-73-openvsx-sleeper-extensions/,[ ](https://www.bleepingcomputer.com/news/security/glassworm-malware-attacks-return-via-73-openvsx-sleeper-extensions/)**GlassWorm malware attacks ret,https://t.me/BleepingComputer/24551
url,hxxps://www[.]bleepingcomputer[.]com/news/security/canada-arrests-three-for-operating-sms-blaster-device-in-toronto/,[ ](https://www.bleepingcomputer.com/news/security/canada-arrests-three-for-operating-sms-blaster-device-in-toronto/)**Canada arrests three for operat,https://t.me/BleepingComputer/24550
url,hxxps://www[.]bleepingcomputer[.]com/news/security/alleged-silk-typhoon-hacker-extradited-to-us-for-cyberespionage/,[ ](https://www.bleepingcomputer.com/news/security/alleged-silk-typhoon-hacker-extradited-to-us-for-cyberespionage/)**Alleged Silk Typhoon hacker extr,https://t.me/BleepingComputer/24549
url,hxxps://www[.]bleepingcomputer[.]com/news/security/ftc-americans-lost-over-21-billion-to-social-media-scams-in-2025/,[ ](https://www.bleepingcomputer.com/news/security/ftc-americans-lost-over-21-billion-to-social-media-scams-in-2025/)**FTC: Americans lost over $2.1 b,https://t.me/BleepingComputer/24548
url,hxxps://www[.]bleepingcomputer[.]com/news/security/pypi-package-with-11m-monthly-downloads-hacked-to-push-infostealer/,[ ](https://www.bleepingcomputer.com/news/security/pypi-package-with-11m-monthly-downloads-hacked-to-push-infostealer/)**PyPI package with 1.1M monthl,https://t.me/BleepingComputer/24547
url,hxxps://www[.]bleepingcomputer[.]com/news/security/home-security-giant-adt-data-breach-affects-55-million-people/,[ ](https://www.bleepingcomputer.com/news/security/home-security-giant-adt-data-breach-affects-55-million-people/)**Home security giant ADT data breac,https://t.me/BleepingComputer/24546
url,hxxps://www[.]bleepingcomputer[.]com/news/security/webinar-spotting-cyberattacks-before-they-begin/,[ ](https://www.bleepingcomputer.com/news/security/webinar-spotting-cyberattacks-before-they-begin/)**Webinar: Spotting cyberattacks before they begin,https://t.me/BleepingComputer/24545
url,hxxps://www[.]bleepingcomputer[.]com/news/security/medtronic-confirms-breach-after-hackers-claim-9-million-records-theft/,[ ](https://www.bleepingcomputer.com/news/security/medtronic-confirms-breach-after-hackers-claim-9-million-records-theft/)**Medtronic confirms breach ,https://t.me/BleepingComputer/24544
url,hxxps://www[.]bleepingcomputer[.]com/news/security/money-launderer-linked-to-230m-crypto-heist-gets-70-months-in-prison/,[ ](https://www.bleepingcomputer.com/news/security/money-launderer-linked-to-230m-crypto-heist-gets-70-months-in-prison/)**Money launderer linked to $,https://t.me/BleepingComputer/24543
url,hxxps://github[.]com/graysentinel-ai/DVWA-AutoInstaller,"you build job‑ready cybersecurity skills.🛠️ GitHub (free to use, open source):[https://github.com/graysentinel-ai/DVWA-AutoInstaller](https://github.c",https://t.me/blueteamalerts/19934
url,hxxps://ift[.]tt/lzZrwMc,A #KaliLinux #InfoSec #Automation #Upskilling #CareerInTech  Discuss on Reddit: https://ift.tt/lzZrwMc @blueteamalerts,https://t.me/blueteamalerts/19934
url,hxxps://ift[.]tt/kgRjIU7,"for Windows kernel drivers. Discover IOCTLs, Symbolic Links, and check cert ,** https://ift.tt/kgRjIU7  Discuss on Reddit: https://ift.tt/vKYHpJb @blu",https://t.me/blueteamalerts/19933
url,hxxps://ift[.]tt/vKYHpJb,", Symbolic Links, and check cert ,** https://ift.tt/kgRjIU7  Discuss on Reddit: https://ift.tt/vKYHpJb @blueteamalerts",https://t.me/blueteamalerts/19933
url,hxxps://ift[.]tt/UaCYcRm,GRAPH-AWARE LLM FOR WINDOWS LOGONS WITH A CLOSED-LOOP GUARDED DETECTION AGENT** https://ift.tt/UaCYcRm  Discuss on Reddit: https://ift.tt/ExV8K5w @blu,https://t.me/blueteamalerts/19932
url,hxxps://ift[.]tt/ExV8K5w,LOSED-LOOP GUARDED DETECTION AGENT** https://ift.tt/UaCYcRm  Discuss on Reddit: https://ift.tt/ExV8K5w @blueteamalerts,https://t.me/blueteamalerts/19932
url,hxxps://ift[.]tt/ubJWeEV,**Eatser Bunny an APT29 implant** https://ift.tt/ubJWeEV  Discuss on Reddit: https://ift.tt/SpflMgo @blueteamalerts,https://t.me/blueteamalerts/19931
url,hxxps://ift[.]tt/SpflMgo,**Eatser Bunny an APT29 implant** https://ift.tt/ubJWeEV  Discuss on Reddit: https://ift.tt/SpflMgo @blueteamalerts,https://t.me/blueteamalerts/19931
url,hxxps://ift[.]tt/GZzD0HO,**M3rx ransomware: inside a new leak-site actor and Go encryptor** https://ift.tt/GZzD0HO  Discuss on Reddit: https://ift.tt/ksQDgR3 @blueteamalerts,https://t.me/blueteamalerts/19930
url,hxxps://ift[.]tt/ksQDgR3,w leak-site actor and Go encryptor** https://ift.tt/GZzD0HO  Discuss on Reddit: https://ift.tt/ksQDgR3 @blueteamalerts,https://t.me/blueteamalerts/19930
url,hxxps://ift[.]tt/EsPHQbS,**SharkMCP: A swiss-knife MCP server for analysing PCAP files** https://ift.tt/EsPHQbS  Discuss on Reddit: https://ift.tt/t8QGbZU @blueteamalerts,https://t.me/blueteamalerts/19929
url,hxxps://ift[.]tt/t8QGbZU,CP server for analysing PCAP files** https://ift.tt/EsPHQbS  Discuss on Reddit: https://ift.tt/t8QGbZU @blueteamalerts,https://t.me/blueteamalerts/19929
url,hxxps://ift[.]tt/wORktKJ,**Kyber ransomware is not just post-quantum name-dropping** https://ift.tt/wORktKJ  Discuss on Reddit: https://ift.tt/DQ30b76 @blueteamalerts,https://t.me/blueteamalerts/19928
url,hxxps://ift[.]tt/DQ30b76,ot just post-quantum name-dropping** https://ift.tt/wORktKJ  Discuss on Reddit: https://ift.tt/DQ30b76 @blueteamalerts,https://t.me/blueteamalerts/19928
url,hxxps://ift[.]tt/wLtakpx,overed with Modbus PLCs Targeted and China-Geolocated Infrastructure Observed** https://ift.tt/wLtakpx  Discuss on Reddit: https://ift.tt/2nI6HKc @blu,https://t.me/blueteamalerts/19927
url,hxxps://ift[.]tt/2nI6HKc,Geolocated Infrastructure Observed** https://ift.tt/wLtakpx  Discuss on Reddit: https://ift.tt/2nI6HKc @blueteamalerts,https://t.me/blueteamalerts/19927
url,hxxps://ift[.]tt/cJDigpw,**TGR-STA-1030: New Activity in Central and South America** https://ift.tt/cJDigpw  Discuss on Reddit: https://ift.tt/d2jYxKh @blueteamalerts,https://t.me/blueteamalerts/19926
url,hxxps://ift[.]tt/d2jYxKh,ivity in Central and South America** https://ift.tt/cJDigpw  Discuss on Reddit: https://ift.tt/d2jYxKh @blueteamalerts,https://t.me/blueteamalerts/19926
url,hxxps://ift[.]tt/q6WyiC5,cut to Coercion: Incomplete Patch of APT28's Zero-Day Leads to CVE-2026-32202** https://ift.tt/q6WyiC5  Discuss on Reddit: https://ift.tt/ybmYBtU @blu,https://t.me/blueteamalerts/19925
url,hxxps://ift[.]tt/ybmYBtU,s Zero-Day Leads to CVE-2026-32202** https://ift.tt/q6WyiC5  Discuss on Reddit: https://ift.tt/ybmYBtU @blueteamalerts,https://t.me/blueteamalerts/19925
cve,CVE-2026-32202,**A Shortcut to Coercion: Incomplete Patch of APT28's Zero-Day Leads to CVE-2026-32202** https://ift.tt/q6WyiC5  Discuss on Reddit: https://ift.tt/ybm,https://t.me/blueteamalerts/19925
url,hxxps://pypi[.]org/project/rfox/,rfox https://pypi.org/project/rfox/:  1. The authors and contributors provide rfox without warranty of any kind (see,https://t.me/secharvester/22255
url,hxxps://www[.]magonia[.]io/research/why-a-decade-of-writing-detection-logic-makes-the-mythos-exploit-numbers-less-scary/,a Decade of Writing Detection Logic Makes the Mythos Exploit Numbers Less Scary https://www.magonia.io/research/why-a-decade-of-writing-detection-logi,https://t.me/secharvester/22254
url,hxxps://github[.]com/markoglasgow/gemma_crackme_tutorial,Using Google's Gemma 4 E4B local AI model to Reverse Engineer a simple Crackme https://github.com/markoglasgow/gemma_crackme_tutorial:  1. In the case,https://t.me/secharvester/22253
url,hxxps://www[.]infostealers[.]com/article/inside-the-coinbase-cartel-how-infostealer-credentials-fueled-a-100-company-ransomware-spree/,base Cartel: How Infostealer Credentials Fueled a 100+ Company Ransomware Spree https://www.infostealers.com/article/inside-the-coinbase-cartel-how-in,https://t.me/secharvester/22252
url,hxxps://arxiv[.]org/abs/2604.00702,cing REST API Fuzzing with Access Policy Violation Checks and Injection Attacks https://arxiv.org/abs/2604.00702:  1. Help | Advanced Search arXivLabs,https://t.me/secharvester/22251
url,hxxps://www[.]nbcnews[.]com/tech/security/ai-making-easy-government-spy-lawmakers-are-worried-rcna341499,king it very easy for the government to spy on you. Some lawmakers are worried. https://www.nbcnews.com/tech/security/ai-making-easy-government-spy-la,https://t.me/secharvester/22250
url,hxxps://threatroad[.]substack[.]com/p/the-soc-analyst-role-is-changing,The SOC Analyst Role Is Changing https://threatroad.substack.com/p/the-soc-analyst-role-is-changing:  1. The math on hiring junior analysts to process,https://t.me/secharvester/22249
url,hxxps://github[.]com/weirdmachine64/SharkMCP,SharkMCP: A swiss-knife mcp server for analysing PCAP files with Wireshark. https://github.com/weirdmachine64/SharkMCP:  1. An MCP server that exposes,https://t.me/secharvester/22248
url,hxxps://fenrisk[.]com/mcpwned-burp-suite-extension-mcp-servers,"MCPwned: a Burp Suite extension for auditing MCP servers https://fenrisk.com/mcpwned-burp-suite-extension-mcp-servers:  1. In a little over a year, th",https://t.me/secharvester/22247
url,hxxps://www[.]aisi[.]gov[.]uk/blog/our-evaluation-of-claude-mythos-previews-cyber-capabilities,Our evaluation of Claude Mythos Preview’s cyber capabilities https://www.aisi.gov.uk/blog/our-evaluation-of-claude-mythos-previews-cyber-capabilities:,https://t.me/secharvester/22246
